Name,Website URL,Contact Number,Location/Address,Industry/Category,Company Description,Email Address
Cheep Cheep Postcards - Direct Mail Advertising,N/A,N/A,N/A,Digital Marketing Agencies,N/A,N/A
Incubiz Marketing Group,http://incubizgroup.com,(866) 777-7003,N/A,Digital Marketing Agencies,"From Business: At Incubiz Marketing Group, we’re a nationally recognized, multi-award-winning firm specializing in interactive web design and marketing for inventors, product…",N/A
Cheep Cheep Postcards - Direct Mail Advertising,http://www.cheep-cheep.com/index.html,(888) 222-4337,N/A,Digital Marketing Agencies,Website : https://baktmarketing.comPhone   : +1 847-260-9609We are a small marketing firm that provides personalized services & professional results. We focus on strategies to…,N/A
Webb Weavers Consulting,https://www.webbweaversconsulting.com,(805) 678-4984,1500 Palma Dr,Digital Marketing Agencies,"I recently had an opportunity to work with Debbie at Webb Weavers - she is highly skilled and produces an outstanding final product - Thank you Debbie""",N/A
Weber Integrated Marketing Agency,N/A,(714) 408-4402,22365 El Toro Rd # 210,Digital Marketing Agencies,"From Business: The Weber Agency is a progressive Digital Marketing, Social Media, PR and Branding agency who delivers creative marketing strategy to small businesses. The Weber…",N/A
Catamaran Marketing Agency,https://www.catamaranmarketing.com,(707) 836-3226,6139 Lockwood Dr,Digital Marketing Agencies,"From Business: Marketing on the Edge If you are not exploring and utilizing the most innovative marketing tools you are not getting all you can out of your effort, time, and…",N/A
CXC | Marketing Agency,http://www.cxcma.com,(310) 776-6666,3213 De Witt Drive Suite B,Digital Marketing Agencies,N/A,N/A
Anthony Group Advertising,http://www.anthonymarketing.com,(925) 736-2222,2121 N California Blvd,Digital Marketing Agencies,We retained the Anthony Group because they were by far more creative thanall of the other agencies we interviewed. They offered an integrativeapproach to branding our company…,N/A
Gumas Advertising,https://gumas.com,(415) 621-7575,2 Embarcadero Ctr 8th Fl,Digital Marketing Agencies,"From Business: Gumas is an award-winning, full service San Francisco advertising agency and the country’s foremost authority on Challenger Brand Marketing®. We help you take on…",N/A
Defy Digital Marketing,http://www.defydigital.com,(760) 576-4434,2911 State St Ste M,Digital Marketing Agencies,From Business: Defy Digital Marketing is a full-service interactive marketing consultancy. We help businesses improve performance with a quality online strategy to drive…,N/A
Digital Marketing Whiz - San Francisco,N/A,(888) 344-9449,315 Montgomery St Ste 900,Digital Marketing Agencies,From Business: San Franciso's premier digital marketing services right at your finger tips. In need of digital marketing services in San Francisco? Allow our digital marketing…,N/A
Diffuse Digital Marketing,https://diffusedigitalmarketing.com,(310) 418-7695,2042 Devonshire Dr,Digital Marketing Agencies,"From Business: Diffuse Digital is a digital marketing agency based in Napa, CA that specializes in Web Design, SEO & digital marketing services for small to medium-size…",N/A
Digital Funding Agency,N/A,(323) 384-8011,831 Kalpati Cir Apt A,Digital Marketing Agencies,N/A,N/A
Full Sail Digital,N/A,(415) 299-1416,1550 G. Tiburon Blvd.,Digital Marketing Agencies,N/A,N/A
AdCom8,N/A,(949) 243-0139,1820 E 1st St Ste 200,Digital Marketing Agencies,"I started with Adcom8 4 months ago and I'm very impressed by their customer service and knowledge. They had my business ranking in just under 3 months as they promised.""",N/A
Major Tom,http://www.majortom.com,(213) 342-6165,7083 Hollywood Blvd,Digital Marketing Agencies,From Business: Major Tom is a leading digital marketing and advertising agency that also provides website design. Our services aim at increasing qualified traffic to our…,N/A
Thermal PR,http://www.thermalpr.com,(415) 659-1970,555 California St Ste 4925,Digital Marketing Agencies,From Business: Thermal PR is a boutique public relations agency headquartered in San Francisco. We partner with innovative companies to deploy extraordinary engagement…,N/A
D3s19n Th1nk1n9 (Design Thinking),http://www.d3s19nth1nk1n9.com,(760) 656-8515,2500 E Palm Canyon Dr Apt 123,Digital Marketing Agencies,From Business: D3s19n Th1nk1n9 (Design Thinking) is a strategic and creative digital agency in Palm Springs that helps organizations grow revenue with realistic scalability.…,N/A
Local Social,N/A,(559) 760-9145,PO Box 982,Digital Marketing Agencies,"From Business: Local Social uses the power of social media and digital marketing to grow your business, increase your client base, and make your customers happy! We provide…",N/A
Standard Marketing Solution,N/A,(916) 604-1512,8300 Fair Oaks Blvd,Digital Marketing Agencies,"From Business: Standard Marketing Solution is a Digital Marketing Consulting agency with award winning partnerships. We provide the best possible service for Digital Marketing,…",N/A
Wpromote,https://www.wpromote.com,(310) 421-4844,2100 E Grand Ave Fl 1,Digital Marketing Agencies,"From Business: From startups to Fortune 500 companies, our end-to-end digital solutions rock. We drive customer acquisition through multi-channel, content-centric campaigns,…",N/A
Think Creative,https://uthinkcreative.com,(951) 894-1015,30724 Benton Rd Ste C302-552,Digital Marketing Agencies,"From Business: Think Creative Digital Marketing, based in Murrieta, CA, is a comprehensive digital marketing firm. Our skilled team is dedicated to devising bespoke digital…",N/A
MDP Marketing Inc.,N/A,(866) 564-3232,106 Monroe St Apt 8c,Digital Marketing Agencies,These guys really saved me a small fortune. They helped me discover all of the free services that could help me with my advertising and I was able to cancel a lot of things I…,N/A
G4DesignHouse.com,http://www.g4designhouse.com/?ref=YP3URL,(800) 667-7514,501 W Broadway Ste 321,Digital Marketing Agencies,"From Business: The Basic Elements: * Custom web design and development for customized website for up 6-10 dynamically designed pages, Full content management allowing you to…",N/A
SEO Specialists,N/A,(949) 407-5096,15 Acacia Tree Ln,Digital Marketing Agencies,Highly recommend these guys at seo-specialists.Like most business owners I've tried 4-5 other seo companies and wasted soo much money and time. I was referred to Brian at…,N/A
Rank and Roll SEO,N/A,(267) 307-5796,43840 Calabro St,Digital Marketing Agencies,"We used Rank & Roll SEO's services for our remodeling business and they really know what their doing! Not sure exactly what they do, some kinda SEO stuff that I don't really…",N/A
Sacramento Marketing FREE Internet Marketing SEO,N/A,(916) 234-3939,1600 Sacramento Inn Way,Digital Marketing Agencies,From Business: We know that you have tried Internet Marketing for your business before. Did you get the results you were looking for? Don't get burned again! We prove our…,N/A
Integrity Marketing,N/A,(951) 227-1077,3864 Stratton Dr,Digital Marketing Agencies,"From Business: Integrity Marketing gets your website, blogs, videos and videos to show up in all the locations you service as well as for the products and services you offer.…",N/A
"Creative Online Marketing, LLC",N/A,(818) 579-4041,7743 1/2 Tujunga Ave,Digital Marketing Agencies,From Business: We are a leader in cost efficent web design and marketing that is affordable to all people looking to begin and market their ideas and dreams online.,N/A
SumTotal Marketing,http://www.sumtotalmarketing.com,(714) 868-6247,335 N Berry St,Digital Marketing Agencies,From Business: SumTotal Marketing provides complete integrated marketing services. This means we plan strategically including all areas of marketing and advertising for the…,N/A
Got Results Marketing SEO & Lead Generation Pros,http://www.gotresultsmarketing.com,(805) 910-7066,79 E Daily Dr # 102,Digital Marketing Agencies,"From Business: We are a full service internet advertising agency & marketing company specializing in Search Engine Optimization (SEO), Pay Per Click Advertising Management…",N/A
Xtendly: Marketing-as-a-Service,http://www.xtendly.com,(925) 236-0432,4900 Hopyard Rd,Digital Marketing Agencies,"From Business: Xtendly is a Marketing-as-a-Service firm that combines website design, modern marketing and cloud software at an affordable, pay-as-you-go model to help…",N/A
Red Door Interactive,https://www.reddoor.biz,(619) 398-2670,350 10th Ave Ste 100,Digital Marketing Agencies,"From Business: Started in 2002, Red Door Interactive Inc. is an advertising agency and counselor that provides various related services. Located in San Diego, Calif., the firm…",N/A
SEO Building Blocks,N/A,(650) 669-8991,855 El Camino Real,Digital Marketing Agencies,From Business: SEO Building Blocks is a marketing consulting company for Internet Presence - SEO - Search Engine Optimization - Social Media Consultant - Company Branding -…,N/A
Skelton Internet Marketing Company,http://www.1800skelton.com,(805) 233-3274,2390 Las Posas Rd,Digital Marketing Agencies,"From Business: Helping small businesses get more new customers from the Internet, since the year 2000.",N/A
Succession Media Group,N/A,(909) 732-1198,9668 Milliken Ave # 104-346,Digital Marketing Agencies,"From Business: We are a Marketing, Advertising, and Web Design company based out of Rancho Cucamonga but we serve the nation. We specialize in growing our clients business and…",N/A
JC Marketing Fresno,N/A,(559) 479-5000,12848 Road 35,Digital Marketing Agencies,"From Business: We provide cutting-edge, effective and affordable marketing services to businesses. We have over 25 Years of experience helping businesses become more…",N/A
SEOTOPFUEL L.L.C.,N/A,(877) 736-1998,5699 Kanan Rd Suite 503,Digital Marketing Agencies,From Business: Specializing in everything Search Visibility Related. Our Slogan is Innovation by Innovators is a smart concept which is truly our Methodology in Business. Smart…,N/A
Bonfire,http://www.bonfire.com,(888) 779-0078,1300 Dove St Ste 100,Digital Marketing Agencies,N/A,N/A
Chrisad,http://chrisad.com,(415) 924-8575,11 Professional Center Pkwy,Digital Marketing Agencies,"From Business: For over 36 years, chrisad has been providing research-based marketing & best-practices recommendations for dental practices. As the world’s largest & most…",N/A
Sling SEO,http://slingseo.com,(424) 332-8980,17042 Sims Ln,Digital Marketing Agencies,"From Business: Sling SEO is a Huntington Beach SEO company, providing online marketing services to American businesses.",N/A
Mindful Marketing Strategies,http://www.makeitmindful.com,(818) 305-5037,16350 Ventura Blvd Unit D567,Digital Marketing Agencies,"From Business: Mindful Marketing Strategies operates under the simple concept that each business has its own unique strengths and advantages. If all businesses were the same,…",N/A
CreativeSights,https://www.creativesights.com,(858) 412-7483,8316 Clairemont Mesa Blvd Ste 212,Digital Marketing Agencies,From Business: CreativeSights | A Professional Web Design Agency In San Diego California CreativeSights is a San Diego web design company composed of business professionals who…,N/A
Craigslist Posting Service,http://www.craigslistadpostingservice.net,(323) 484-2808,301 N Alvarado St,Digital Marketing Agencies,From Business: CraigslistAdPostingService.net (CAPS) The Best place ever for your entire craigslist ad posting needs. With our 6 years of craigslist ad posting experience we…,N/A
On-Site SEO Pros,N/A,(323) 423-6470,14737 1/2 Oxnard St,Digital Marketing Agencies,From Business: Professional SEO Company in Los Angeles offering local search engine optimization packages as well as multi-location and E-Commerce SEO services.,N/A
Echo Factory,https://echo-factory.com,(626) 993-3770,36 W Colorado Blvd,Digital Marketing Agencies,"From Business: Based in Pasadena Califonia, were an advertising agency that helps good companies be better.We start with a strategy to find the best way to reach customers,…",N/A
My Mobile Marketer,http://mymobilemarketer.net,(619) 917-3343,1135 Garnet Ave Ste 23,Digital Marketing Agencies,From Business: So What Are You Doing to Keep Your Customers Coming Back to Your Business ??? We'll Get You There FAST !!! MyMobileMarketer.NET,N/A
SMB Web Solutions,N/A,(415) 529-7669,505 California St,Digital Marketing Agencies,From Business: SMB Web Solutions offers professional SEO services that help websites increase their organic search score drastically in order to compete for the highest…,N/A
Chatmeter,https://www.chatmeter.com,(619) 795-6262,225 Broadway,Digital Marketing Agencies,"From Business: With headquarters in San Diego, California, Chatmeter provides national franchises and agencies with marketing tools and analytics for understanding and…",N/A
Holts Brothers Internet Marketing Solutions Inc,https://www.facebook.com/holtsbrothersinternetmarketingsolutions,(888) 937-5053,770 L St Ste 950,Digital Marketing Agencies,From Business: Holts Brothers Internet Marketing Solutions is a Top rated Sacramento SEO Marketing Service comprised of Google Certified SEO Consultants. We provide unmatched…,N/A
Practice Affiliate,http://www.practiceaffiliate.com,(858) 255-0620,10650 Scripps Ranch Blvd Ste 229,Digital Marketing Agencies,From Business: The future of medical marketing is here. Our A.I. Powered Medical Websites and Instagram strategy bring you customers prepared to buy! We focus on offering…,N/A
The Ad Firm,https://www.theadfirm.net,(760) 642-1945,2870 Whiptail Loop Ste 222,Digital Marketing Agencies,From Business: The Ad Firm is the best SEO company because we use a scientific approach that's measurable so that you know exactly where you stand at every step. Our thorough…,N/A
Exteres,http://exteresauto.com,(951) 329-9120,5053 La Mart Dr Ste 205,Digital Marketing Agencies,N/A,N/A
Ark Marketing & Media Solutions,N/A,(858) 270-2028,4218 Conner Ct,Digital Marketing Agencies,N/A,N/A
Tailor-Made Advertising & Marketing Programs,http://www.adteamla.com,(310) 791-6300,23670 Hawthorne Blvd,Digital Marketing Agencies,N/A,N/A
Venture Studios,http://venturestudios.net,(310) 289-2255,11693 San Vicente Blvd,Digital Marketing Agencies,N/A,N/A
Cannella Media,https://www.cannellamedia.com,(310) 745-5220,12100 Wilshire Blvd,Digital Marketing Agencies,N/A,N/A
"Juhll, Inc.",http://www.juhll.com,(424) 275-2430,1037 Palm Dr,Digital Marketing Agencies,N/A,N/A
Marketsmart,http://www.marketsmart.com,(925) 846-4465,6900 Koll Center Pkwy,Digital Marketing Agencies,N/A,N/A
Data Driven SEO,http://www.datadrivenseo.com,(312) 208-4706,2560 Northside Dr,Digital Marketing Agencies,N/A,N/A
Excel Marketing Strategy,N/A,(951) 234-4247,45669 Via Puebla,Digital Marketing Agencies,N/A,N/A
Market Your Sales,N/A,(818) 293-7279,22817 Ventura Blvd.,Digital Marketing Agencies,N/A,N/A
Summit Marketing,http://summitmarketingonline.com,(916) 382-7229,9299 E Stockton Blvd Ste 40,Digital Marketing Agencies,N/A,N/A
Branding Monster,http://brandingmonster.com,(818) 921-5191,5701 Topanga Canyon Blvd,Digital Marketing Agencies,N/A,N/A
Local Value Marketing,http://www.localvalue.com,(858) 480-6116,5173 Brighton Ave Unit 5,Digital Marketing Agencies,N/A,N/A
Ultimate Site Promotion,http://ultimatesitepromotion.com,(877) 674-7767,5132 York Blvd Unit 673,Digital Marketing Agencies,N/A,N/A
Pacific Landmark Media,http://paclandmedia.com,(949) 652-3700,8001 Irvine Center Dr,Digital Marketing Agencies,N/A,N/A
Ryan J Williams,http://www.influencereconomy.com,(703) 403-9411,1230 Princeton St Apt 7,Digital Marketing Agencies,N/A,N/A
Plan C Group,N/A,(213) 628-3116,108 W 2nd St,Digital Marketing Agencies,N/A,N/A
"Ranksharks, LLC",http://www.ranksharks.com,(310) 504-3989,3435 Wilshire Blvd Ste 3070,Digital Marketing Agencies,N/A,N/A
U.S. Business Dev,http://usbusinessdev.com,(424) 625-8934,1633 S Diamond Bar Blvd,Digital Marketing Agencies,N/A,N/A
HawkSEM,https://hawksem.com/contact-us,(800) 316-2220,10940 Wilshire Blvd Ste 1600,Digital Marketing Agencies,N/A,N/A
C1 Partners,http://www.c1-partners.com/san-diego,(619) 430-2969,3802 Rosecrans St Ste 132,Digital Marketing Agencies,N/A,N/A
Katana,N/A,(619) 255-0903,225 Broadway Ste 430,Digital Marketing Agencies,N/A,N/A
Truth Branding Agency,http://www.truthbrandingagency.com,(559) 365-6882,700 Van Ness Ave,Digital Marketing Agencies,N/A,N/A
Mindgruve,http://www.mindgruve.com,(619) 757-1325,627 8th Ave,Digital Marketing Agencies,N/A,N/A
Leadslift,http://leadslift.com,(805) 235-3207,7071 Warner Ave,Digital Marketing Agencies,N/A,N/A
Call Me Brand,N/A,(347) 463-5060,1117 State St,Digital Marketing Agencies,N/A,N/A
Infinity Marketing Group Inc,https://infinitinutraceuticals.com/contact,(949) 455-9708,20992 Bake Pkwy,Digital Marketing Agencies,N/A,N/A
Call Feeder,http://callfeeder.com,(714) 912-2753,1145 E. Buoy Ave,Digital Marketing Agencies,N/A,N/A
Marketing by Data,http://www.marketingbydata.com,(510) 910-4359,N/A,Digital Marketing Agencies,From Business: Marketing by Data is a marketing consulting company. We provide businesses with a strategy to create and optimize marketing campaigns.,N/A
Scorpion Digital International,N/A,(909) 248-4101,N/A,Digital Marketing Agencies,From Business: Connecting Brands with their customers through integrated digital marketing services,N/A
Luminous Marketing and Media,N/A,(707) 365-3439,N/A,Digital Marketing Agencies,"From Business: Luminous Marketing and Media is a collective of creative and media entities that together, offer powerful opportunities for brands, stories and messaging alike.…",N/A
Ace SEO Consulting,http://aceseoconsulting.com,(619) 843-8815,N/A,Digital Marketing Agencies,"Ace SEO Consulting helped our business in so many ways. Ace is very reliable and the service is great!""",N/A
Transmission Management,N/A,(323) 606-2609,N/A,Digital Marketing Agencies,From Business: We are a marketing agency that helps optimize businesses for the 21st century. What we mean by that is we help you generate returns through marketing solutions…,N/A
The Google Pro's,N/A,(916) 544-2311,N/A,Digital Marketing Agencies,From Business:,N/A
"NewVista Marketing Consulting, Inc",http://www.newvistamarketing.com,(805) 845-8007,N/A,Digital Marketing Agencies,From Business: Full service marketing consulting agency providing marketing and business planning and implementation of the top marketing strategies for your business.,N/A
Headwall Marketing,N/A,(415) 730-5073,N/A,Digital Marketing Agencies,From Business: Headwall Marketing combines traditional media relations with advanced marketing campaigns to help clients achieve their business goals. Our results-focused…,N/A
Grizzly Group LLC,N/A,(510) 982-6630,N/A,Digital Marketing Agencies,N/A,N/A
Om Marketing Solutions,N/A,(310) 251-7719,N/A,Digital Marketing Agencies,N/A,N/A
Marketing Tech Connect LLC,http://4mtc.com,(805) 703-4682,N/A,Digital Marketing Agencies,N/A,N/A
